id,price
1,51778.83
2,56195.48
3,22338.8
4,2692.14
5,5798.32
6,6308.41
7,4253.27
8,13538.93
9,5182.17
10,21149.93
11,5906.68
12,4951.39
13,4333.13
14,55993.33
15,40208.2
16,54297.41
17,54860.69
18,6467.19
19,71571.6
20,6634.91
21,5920.43
22,60738.0325
23,45376.41
24,6110.29
25,5130.83
26,3914.24
27,6175.2
28,5470.03
29,3802.85
30,6598.21
31,7083.91
32,62296.36
33,59951.16
34,53804.2
35,9414.76
36,5593.06
37,5767.01
38,53120.17
39,5855.13
40,2601.12
41,9705.77
42,76638.94
43,5284.23
44,3700.82
45,12727.21
46,3061.03
47,5802.46
48,12148.97
49,75285.44
50,6672.92
51,5672.78
52,3280.9
53,6815.72
54,5475.14
55,6946.4
56,2808.15
57,4507.29
58,55423.0
59,3498.97
60,62758.06
61,10340.45
62,48057.33
63,6584.59
64,11051.94
65,56195.79
66,53461.48
67,45456.74
68,11933.23
69,47605.56
70,44734.7
71,5864.63
72,6843.8
73,11108.21
74,9389.46
75,11246.52
76,6711.0
77,8319.94
78,3369.2
79,62424.32
80,10423.7
81,5260.22
82,6121.17
83,7552.61
84,6194.54
85,29276.43
86,60044.87
87,4696.81
88,14481.21
89,59792.28
90,4407.24
91,4666.09
92,62013.77
93,54326.9
94,82289.32
95,50957.06
96,5245.27
97,5897.14
98,14483.19
99,6381.33
100,68919.63
101,4867.1
102,8181.97
103,8334.59
104,2924.12
105,6231.72
106,8480.79
107,53082.36
108,56317.34
109,50348.03
110,2410.0
111,55611.86
112,52792.24
113,11738.87
114,2481.66
115,3360.49
116,3803.61
117,5807.31
118,3436.32
119,6162.27
120,11727.27
121,46384.89
122,16907.71
123,5923.14
124,46558.29
125,5627.64
126,6040.25
127,6156.86
128,11850.6
129,65373.62
130,4266.4
131,6250.92
132,60466.53
133,7709.59
134,6188.12
135,4302.37
136,44465.48
137,4630.54
138,7486.0
139,3922.56
140,4699.99
141,3602.42
142,51389.43
143,7369.09
144,1767.61
145,54814.63
146,3150.44
147,5951.04
148,14787.54
149,7630.39
150,4800.25
151,7331.79
152,64591.64
153,7801.4
154,7624.81
155,58056.65
156,6580.54
157,6011.7
158,5326.12
159,5388.19
160,5061.19
161,55447.19
162,6941.77
163,66261.57
164,7782.97
165,59325.08
166,33235.57
167,48739.1
168,5111.77
169,12833.39
170,51004.85
171,1899.08
172,7795.11
173,54203.31
174,59816.48
175,4807.02
176,67137.64
177,4196.27
178,3902.22
179,5228.47
180,70292.05
181,29894.05
182,7246.82
183,10792.83
184,5835.31
185,28686.46
186,5998.8
187,11302.27
188,53864.58
189,13069.755
190,4337.59
191,51901.7
192,3669.72
193,53170.38
194,5201.84
195,5116.0
196,5990.37
197,2428.62
198,16128.03
199,13506.53
200,58987.83
201,63567.94
202,12045.37
203,4418.43
204,6988.35
205,58209.39
206,59311.85
207,4221.66
208,45154.86
209,49170.7
210,9414.48
211,67077.7
212,43836.18
213,4900.36
214,6004.97
215,6667.0
216,48307.2
217,5076.79
218,30216.26
219,7275.0
220,2452.12
221,4087.34
222,4017.58
223,22638.04
224,52875.64
225,59078.65
226,12310.68
227,7776.82
228,8580.18
229,4390.6
230,59541.27
231,4790.84
232,7030.44
233,13214.24
234,11602.12
235,4050.14
236,6787.69
237,2868.48
238,4009.7
239,2499.71
240,12263.09
241,64236.38
242,51793.99
243,4059.51
244,60112.33
245,9516.15
246,49353.38
247,55443.03
248,5234.6
249,5283.86
250,61816.45
251,9270.85
252,5821.94
253,50160.24
254,11498.7
255,6117.79
256,63501.0
257,4468.34
258,2086.17
259,4255.4
260,56238.92
261,2483.01
262,5834.84
263,53198.02
264,4783.35
265,8470.88
266,1772.2
267,41316.79
268,52435.62
269,47458.61
270,8026.39
271,6591.84
272,7423.22
273,51903.5
274,32062.57
275,2575.62
276,8173.53
277,29279.68
278,7941.06
279,32805.51
280,6014.06
281,44996.68
282,5411.84
283,5721.8
284,7085.8
285,49636.64
286,7841.05
287,43507.11
288,5110.86
289,57736.46
290,1877.4
291,1516.14
292,7607.54
293,8163.15
294,6842.88
295,6127.27
296,4485.16
297,47361.54
298,12828.17
299,8546.45
300,5534.1
301,58859.7
302,2959.45
303,7645.68
304,12817.48
305,51673.6
306,5532.3
307,50181.02
308,5421.3
309,55588.65
310,11851.11
311,5365.33
312,56327.69
313,4084.22
314,2936.48
315,4135.73
316,35059.16
317,4947.88
318,4882.59
319,8885.253333333332
320,4088.01
321,4730.81
322,60704.28
323,5747.38
324,3882.95
325,6520.63
326,9548.22
327,6554.31
328,4854.03
329,6095.57
330,3775.82
331,12662.06
332,7071.99
333,64672.77
334,5519.59
335,6881.23
336,11575.93
337,4417.8
338,22377.06
339,14359.78
340,48311.34
341,50469.47
342,49338.32
343,4019.14
344,5964.98
345,14286.9
346,63238.32
347,3358.58
348,2459.78
349,6563.05
350,11653.83
351,4017.14
352,6067.95
353,4500.93
354,3429.49
355,4952.17
356,71045.52
357,51777.99
358,4986.47
359,4590.1
360,46676.26
361,52486.78
362,6134.24
363,52140.82
364,2452.87
365,68055.03
366,30252.32
367,4190.43
368,4880.05
369,6059.925
370,6663.5
371,3926.23
372,4248.42
373,6052.87
374,6388.33
375,11843.24
376,49925.71
377,6396.01
378,58130.84
379,5874.08
380,2124.0
381,62858.11
382,7064.1
383,6143.35
384,4300.97
385,6669.86
386,65140.28
387,57106.51
388,4925.67
389,49066.86
390,56944.73
391,58740.48
392,64019.42
393,6028.33
394,53946.43
395,70242.65
396,56768.84
397,52043.44
398,4816.03
399,5562.14
400,3676.17
401,6821.77
402,6063.88
403,3440.26
404,56715.67
405,48255.18
406,5261.39
407,6171.55
408,63121.35
409,5999.16
410,6122.73
411,6742.7
412,51760.05
413,7440.99
414,5436.82
415,7671.43
416,2775.16
417,27192.14
418,5331.0
419,50691.62
420,13038.17
421,4608.95
422,5014.92
423,4056.7
424,57297.19
425,14695.89
426,5380.53
427,3348.68
428,12911.16
429,2150.0
430,5935.49
431,54062.33
432,6126.91
433,6677.74
434,51326.42
435,2266.7
436,6528.99
437,12288.24
438,13410.79
439,5947.13
440,63249.72
441,9132.54
442,66598.96
443,6417.56
444,3113.28
445,4756.98
446,48703.64
447,61699.78
448,8166.17
449,3841.2
450,48897.66
451,50496.1
452,46531.76
453,4533.06
454,6120.71
455,5399.45
456,2218.69
457,49848.26
458,41072.41
459,11369.15
460,7099.32
461,5203.44
462,6506.05
463,4499.91
464,7222.38
465,1633.11
466,2154.02
467,5701.5445
468,4953.95
469,4858.32
470,9591.24
471,10645.35
472,8928.34
473,5273.44
474,6145.19
475,4310.66
476,11527.52
477,9986.32
478,5115.14
479,13413.68
480,24726.07
481,5839.72
482,7308.57
483,2811.44
484,3097.42
485,11184.6
486,5974.57
487,63616.16
488,5203.65
489,49267.09
490,6955.02
491,49090.69
492,5692.02
493,57341.46
494,63111.8
495,6125.82
496,37088.66
497,5476.17
498,4733.74
499,67067.13
500,53020.1
501,4499.57
502,4853.44
503,61358.92
504,44927.88
505,51733.18
506,8693.28
507,5288.39
508,30074.92
509,2906.7
510,54309.69
511,6009.28
512,6135.69
513,34147.75
514,6998.84
515,67444.81
516,70585.33
517,3588.53
518,45007.63
519,4657.72
520,5601.74
521,68717.58
522,54608.0
523,4334.58
524,4706.7
525,8547.83
526,6971.52
527,6439.76
528,3543.91
529,6141.05
530,16556.71
531,50680.94
532,4032.08
533,54108.98
534,10801.35
535,11853.07
536,75066.18
537,56476.0
538,4862.05
539,4867.99
540,4605.23
541,4067.39
542,2598.47
543,10651.82
544,54635.38
545,74182.72
546,50338.46
547,3875.44
548,4963.24
549,65352.46
550,7216.96
551,55510.82
552,5256.36
553,6434.24
554,4514.1
555,6530.69
556,6642.41
557,58839.45
558,46332.85
559,6089.64
560,39560.12
561,46350.3
562,2840.42
563,5034.1
564,4690.97
565,5382.94
566,53538.92
567,13769.53
568,11658.01
569,8982.48
570,6664.96
571,4376.2
572,16798.35
573,11531.95
574,4139.75
575,47493.29
576,5119.82
577,48317.84
578,3889.2
579,47477.17
580,65377.5
581,45188.24
582,4123.69
583,2347.47
584,2267.78
585,5568.03
586,55140.27
587,14136.17
588,58721.0
589,4480.07
590,2871.31
591,7229.88
592,58166.515
593,77028.63
594,5552.62
595,15383.68
596,65610.7
597,5478.15
598,2719.23
599,11234.96
600,41493.33
601,5989.98
602,5420.69
603,4044.74
604,5975.65
605,55248.12
606,5939.61
607,66428.45
608,25529.12
609,3793.15
610,4852.26
611,57609.54
612,4362.83
613,65136.0
614,7854.79
615,6097.04
616,6537.16
617,4573.81
618,17048.73
619,57309.84
620,52743.9
621,71805.69
622,5597.2
623,6157.42
624,10137.29
625,3737.82
626,5651.71
627,44935.18
628,53242.24
629,5451.36
630,54068.65
631,6147.17
632,64649.65
633,4774.66
634,4934.87
635,4243.58
636,4143.98
637,7558.66
638,56018.54
639,2637.18
640,54576.79
641,39837.47
642,9333.76
643,4739.15
644,4285.92
645,4083.21
646,57634.28
647,79968.5
648,2864.11
649,11483.79
650,8582.44
651,50703.82
652,7804.17
653,62605.02
654,60050.95
655,6613.12
656,6835.15
657,4047.59
658,10566.45
659,57921.31
660,5729.76
661,6029.24
662,4732.14
663,3749.16
664,15363.86
665,5630.02
666,5717.64
667,11380.18
668,4465.35
669,4925.78
670,4472.64
671,59230.76
672,14791.96
673,6312.42
674,26769.14
675,66932.0
676,62088.99
677,34219.71
678,4080.23
679,13745.97
680,8366.45
681,5396.61
682,4926.61
683,7359.91
684,9109.41
685,6248.61
686,7994.97
687,14136.34
688,4449.37
689,4584.15
690,9571.59
691,5165.92
692,49608.32
693,7509.72
694,7547.62
695,6524.0
696,5939.21
697,6372.84
698,2582.65
699,11211.95
700,4706.62
701,63019.78
702,2492.15
703,3780.79
704,7030.85
705,47075.11
706,4149.52
707,50850.97
708,3490.87
709,3185.92
710,50916.49
711,11604.62
712,55185.4
713,32646.42
714,4703.72
715,53833.6
716,6407.71
717,7949.37
718,11413.79
719,22580.56
720,7039.67
721,58109.34
722,57544.88
723,54704.18
724,10687.28
725,50098.93
726,56016.92
727,8168.56
728,3551.38
729,6203.23
730,79417.73
731,34096.69
732,5414.81
733,6242.12
734,3723.41
735,56176.79
736,9145.51
737,3660.53
738,4892.37
739,59923.69
740,49667.56
741,54900.51
742,59046.24
743,4724.35
744,64706.25
745,12057.64
746,4855.79
747,63954.13
748,8077.0
749,56242.1
750,53844.69
751,6208.51
752,5923.35
753,5660.04
754,3729.15
755,6017.22
756,59275.6
757,47647.49
758,6842.2
759,52679.74
760,3464.44
761,7305.1
762,5166.58
763,7353.29
764,7099.36
765,56157.77
766,4831.81
767,71021.24
768,6826.02
769,4778.46
770,5528.55
771,5232.04
772,52288.16
773,78742.23
774,6289.69
775,4871.735
776,43133.86
777,49913.61
778,5927.23
779,4363.97
780,2941.51
781,4913.93
782,40517.64
783,5846.2
784,22338.8
785,7815.04
786,8864.4
787,13405.86
788,3999.87
789,64450.01
790,17290.53
791,43248.46
792,35347.4
793,5755.16
794,31841.14
795,25194.84
796,63143.11
797,4836.85
798,7490.93
799,7799.12
800,1695.71
801,13710.91
802,5956.0
803,3687.06
804,47434.64
805,6161.0
806,28857.58
807,72797.73
808,12853.51
809,44858.54
810,9476.49
811,46997.14
812,6655.85
813,4794.41
814,56165.23
815,9166.75
816,8548.43
817,6621.78
818,5745.8
819,4286.48
820,54409.35
821,47697.2
822,4762.84
823,24163.88
824,48086.68
825,46827.67
826,5970.44
827,55760.11
828,3603.6
829,48774.42
830,5201.7
831,11015.52
832,4126.71
833,56610.83
834,64198.7
835,6416.29
836,4757.12
837,45831.89
838,11988.15
839,5231.57
840,12103.37
841,55856.02
842,49659.67
843,3087.78
844,24731.58
845,6672.32
846,67873.31
847,43447.33
848,9228.18
849,5340.95
850,13599.86
851,4282.61
852,7725.91
853,5397.08
854,53117.2
855,17014.25
856,5925.42
857,54684.0
858,5047.24
859,6002.48
860,7761.49
861,4992.48
862,3799.24
863,48187.62
864,7041.6
865,2424.22
866,13730.76
867,50822.66
868,2124.0
869,3844.91
870,69660.31
871,4989.3
872,17125.88
873,45532.39
874,8291.61
875,58800.96
876,6149.55
877,3648.92
878,48706.61
879,4730.64
880,63443.18
881,4662.68
882,4349.77
883,8373.85
884,4437.04
885,6621.35
886,5755.79
887,4177.92
888,50930.5
889,40527.58
890,2322.24
891,5326.93
892,2302.07
893,3250.7
894,66900.57
895,8717.85
896,68490.08
897,5657.71
898,53984.15
899,6497.29
900,6281.16
901,59932.37
902,47404.38
903,11999.75
904,5018.96
905,5372.34
906,5444.87
907,60856.02
908,59873.47
909,5687.51
910,6189.24
911,5355.5
912,4183.62
913,65473.76
914,4152.17
915,5823.96
916,48934.51
917,5758.57
918,31257.82
919,3370.15
920,11867.79
921,60850.19
922,12914.69
923,54993.33
924,4177.01
925,54755.99
926,4361.72
927,64403.61
928,4815.27
929,30216.26
930,12373.0
931,11582.3
932,3597.66
933,53599.47
934,4622.03
935,4384.42
936,4082.85
937,5899.02
938,43511.62
939,18958.67
940,5866.9
941,5193.36
942,67468.27
943,6438.395
944,5067.45
945,2404.0
946,7205.82
947,53364.89
948,3254.82
949,72551.72
950,53243.8
951,43799.1
952,55771.54
953,2944.18
954,13059.73
955,4630.85
956,50208.42
957,6555.09
958,9270.48
959,3266.98
960,69281.55
961,56414.41
962,5512.56
963,11583.62
964,5393.21
965,5637.68
966,5836.38
967,66246.11
968,10808.24
969,4457.37
970,3935.79
971,6234.29
972,64432.56
973,3790.15
974,49164.23
975,60398.25
976,59213.59
977,4478.32
978,64630.5
979,5226.31
980,5763.4
981,11312.88
982,57674.7
983,5932.74
984,6607.62
985,5295.15
986,6778.99
987,11211.68
988,5020.84
989,3613.15
990,7003.79
991,60042.83
992,56546.24
993,8217.52
994,54608.0
995,12311.01
996,4180.28
997,5488.67
998,6266.89
999,8729.07
1000,4675.68
1001,3571.18
1002,10531.42
1003,60456.69
1004,4935.76
1005,12977.86
1006,13273.94
1007,4175.49
1008,3772.13
1009,15749.73
1010,2481.69
1011,45452.52
1012,48394.33
1013,4615.48
1014,53124.66
1015,59360.48
1016,43999.56
1017,40856.58
1018,9847.33
1019,7637.21
1020,3224.66
1021,12577.16
1022,4420.8
1023,3411.17
1024,58794.49
1025,13744.27
1026,56117.26
1027,4181.55
1028,54211.58
1029,8272.94
1030,54428.86
1031,6435.01
1032,4409.04
1033,43261.08
1034,7569.42
1035,5505.28
1036,31712.14
1037,5376.34
1038,52339.76
1039,3696.53
1040,2952.73
1041,62703.0
1042,33231.94
1043,11506.75
1044,6145.94
1045,5354.23
1046,60739.86
1047,48940.7
1048,4456.12
1049,5096.73
1050,2115.93
1051,3571.49
1052,5633.11
1053,5539.77
1054,53498.82
1055,2746.38
1056,6747.57
1057,8872.72
1058,8029.26
1059,6690.99
1060,3354.01
1061,61729.17
1062,50112.1
1063,4196.49
1064,7887.16
1065,10213.07
1066,5347.51
1067,18403.42
1068,25389.66
1069,42887.07
1070,1817.87
1071,5344.53
1072,47878.85
1073,57520.91
1074,17432.32
1075,12174.94
1076,6016.24
1077,7325.93
1078,4654.17
1079,18370.525
1080,4235.69
1081,50992.39
1082,5692.16
1083,4559.3
1084,12954.04
1085,3733.42
1086,6979.21
1087,11478.02
1088,6841.61
1089,15414.98
1090,5665.21
1091,6206.51
1092,12287.87
1093,6851.0
1094,5279.48
1095,10023.58
1096,56742.26
1097,55947.06
1098,4783.87
1099,4500.78
1100,49717.43
1101,3972.08
1102,13978.09
1103,3316.93
1104,59196.83
1105,2798.25
1106,7737.89
1107,5246.82
1108,7825.245
1109,56846.48
1110,2568.73
1111,12146.9
1112,51814.14
1113,6260.67
1114,60519.27
1115,12549.92
1116,4211.0
1117,68331.9
1118,49552.06
1119,6652.91
1120,4039.93
1121,4216.44
1122,2517.06
1123,5842.96
1124,5079.21
1125,50798.05
1126,6512.93
1127,5697.62
1128,55461.58
1129,5539.04
1130,7140.79
1131,9905.72
1132,7464.27
1133,64489.34
1134,5844.49
1135,5692.14
1136,5460.35
1137,8235.91
1138,28289.3
1139,5528.62
1140,3777.14
1141,4958.67
1142,6775.58
1143,2458.76
1144,6624.99
1145,51731.08
1146,63749.84
1147,13517.5
1148,45360.53
1149,6316.78
1150,2905.59
1151,4031.52
1152,12595.56
1153,4158.22
1154,9832.55
1155,15683.79
1156,6649.17
1157,4801.57
1158,45515.09
1159,6536.69
1160,2911.78
1161,5966.75
1162,5593.79
1163,5734.34
1164,79193.49
1165,5770.532500000001
1166,48602.99
1167,7356.99
1168,6435.04
1169,13437.05
1170,4657.0375
1171,7046.93
1172,55633.6
1173,2616.84
1174,6354.84
1175,2793.25
1176,4370.65
1177,2152.35
1178,4587.66
1179,13333.74
1180,4496.89
1181,5019.34
1182,7621.46
1183,49635.18
1184,57190.23
1185,18718.03
1186,6248.2
1187,54369.88
1188,3554.86
1189,5064.34
1190,13868.22
1191,66752.49
1192,56927.52
1193,11723.62
1194,5939.69
1195,3643.65
1196,11683.2
1197,61157.75
1198,13200.02
1199,5190.01
1200,5976.15
1201,11775.5
1202,22507.06
1203,6014.25
1204,53174.48
1205,6516.99
1206,13763.25
1207,4488.87
1208,5839.32
1209,8251.51
1210,5312.64
1211,61035.61
1212,55516.75
1213,3210.79
1214,4650.16
1215,6005.612000000001
1216,17926.15
1217,3698.25
1218,3753.17
1219,67326.63
1220,28045.38
1221,57936.98
1222,3859.74
1223,4318.44
1224,44732.18
1225,57559.93
1226,5007.25
1227,5824.59
1228,4501.07
1229,13227.92
1230,47896.35
1231,4533.04
1232,4700.8
1233,5519.34
1234,5947.04
1235,60316.7
1236,5337.71
1237,60151.19
1238,4984.43
1239,7930.91
1240,11621.44
1241,50295.69
1242,5693.22
1243,68643.83
1244,5960.12
1245,6430.36
1246,6740.71
1247,6039.74
1248,4596.84
1249,6599.84
1250,6814.04
1251,4793.27
1252,54451.55
1253,58385.71
1254,2424.75
1255,3506.43
1256,55010.32
1257,5488.97
1258,5061.44
1259,5264.55
1260,10550.17
1261,3730.62
1262,8116.21
1263,12411.97
1264,44225.14
1265,3452.61
1266,29490.86
1267,5099.07
1268,7462.56
1269,9214.79
1270,60399.27
1271,7089.3
1272,4989.81
1273,13247.746000000001
1274,11394.69
1275,6621.15
1276,4602.51
1277,75050.83
1278,11443.63
1279,12059.59
1280,64173.3
1281,24450.28
1282,61283.52
1283,4525.45
1284,5464.87
1285,3843.01
1286,48748.2
1287,7356.88
1288,75204.41
1289,5533.27
1290,9964.98
1291,7378.09
1292,51060.43
1293,7351.94
1294,10482.87
1295,6286.69
1296,51161.33
1297,5170.23
1298,10979.99
1299,11559.72
1300,6375.09
1301,9636.22
1302,49525.83
1303,2386.37
1304,4946.28
1305,6989.04
1306,4451.75
1307,5135.11
1308,6407.46
1309,50247.17
1310,64184.24
1311,5546.91
1312,13135.66
1313,48440.0
1314,46827.8
1315,12070.47
1316,13802.22
1317,5364.79
1318,5364.26
1319,2497.87
1320,21705.64
1321,5998.48
1322,7990.52
1323,2124.0
1324,5595.17
1325,56108.34
1326,3283.62
1327,6248.92
1328,67943.63
1329,4278.72
1330,5896.78
1331,4857.9
1332,11356.76
1333,1985.88
1334,13467.46
1335,9466.17
1336,6533.13
1337,36948.48
1338,6666.99
1339,5563.8
1340,7631.55
1341,9099.34
1342,2424.68
1343,2823.92
1344,8183.03
1345,2261.69
1346,66704.0
1347,4872.7
1348,50876.31
1349,5922.59
1350,6805.45
1351,10828.41
1352,11100.09
1353,10445.55
1354,5796.7
1355,9050.23
1356,51605.96
1357,29820.16
1358,13226.36
1359,7769.63
1360,12942.41
1361,4669.26
1362,46659.59
1363,7522.659166666667
1364,6979.38
1365,48590.89
1366,70898.63
1367,11329.85
1368,7349.68
1369,53096.35
1370,48423.25
1371,5054.63
1372,20353.2
1373,6527.19
1374,48845.97
1375,5852.17
1376,10850.78
1377,5057.2
1378,4275.89
1379,4692.43
1380,49448.44
1381,4562.95
1382,68565.68
1383,49765.79
1384,43564.42
1385,5787.02
1386,4506.95
1387,2290.12
1388,4843.16
1389,55616.51
1390,5301.58
1391,48097.76
1392,2201.64
1393,55130.16
1394,51631.26
1395,2855.93
1396,4848.96
1397,6572.28
1398,54124.4
1399,37620.81333333333
1400,68800.58
1401,13748.43
1402,62557.22
1403,7226.52
1404,2474.16
1405,32379.09
1406,9110.66
1407,73131.67
1408,11483.94
1409,4336.25
1410,46964.7
1411,11008.28
1412,7567.69
1413,67731.47
1414,12618.26
1415,56317.71
1416,6207.66
1417,6255.97
1418,2150.0
1419,5214.89
1420,5451.92
1421,56215.05
1422,4137.22
1423,57437.5
1424,6111.09
1425,49959.6
1426,4425.42
1427,7891.41
1428,50656.65
1429,2743.82
1430,3873.48
1431,48173.93
1432,47691.08
1433,3655.71
1434,2089.94
1435,3135.82
1436,69969.2
1437,5677.1
1438,29430.8
1439,55595.41
1440,46642.69
1441,8417.66
1442,62167.751333333326
1443,54769.4
1444,7936.25
1445,55977.84
1446,52577.94
1447,10702.62
1448,44392.77
1449,3185.2
1450,62663.47
1451,3775.22
1452,39302.73
1453,5316.18
1454,7352.06
1455,4403.56
1456,50478.82
1457,54201.62
1458,6118.58
1459,3646.9
1460,3537.46
1461,14596.07
1462,6027.14
1463,48264.99
1464,3126.0
1465,4038.42
1466,4113.51
1467,46761.38
1468,44836.87
1469,52756.49
1470,4603.13
1471,13871.74
1472,15753.8
1473,3825.41
1474,53622.12
1475,3561.03
1476,15212.7
1477,47263.68
1478,4670.21
1479,7522.61
1480,13204.37
1481,41508.78
1482,46151.35
1483,4745.26
1484,5881.82
1485,6853.93
1486,11937.7
1487,7574.29
1488,45776.54
1489,8492.03
1490,8576.3
1491,9253.35
1492,52472.76
1493,56017.34
1494,10234.0
1495,53119.98
1496,56072.94
1497,2735.77
1498,8031.36
1499,5200.99
1500,6151.27
1501,6928.59
1502,10327.8
1503,3065.17
1504,10995.12
1505,4602.7
1506,57588.66
1507,3534.98
1508,60794.68
1509,47812.21
1510,61059.99
1511,9333.34
1512,53447.01
1513,50773.59
1514,5543.14
1515,49412.99
1516,50434.57
1517,4542.17
1518,5044.19
1519,73323.61
1520,5809.47
1521,4291.0
1522,3119.89
1523,5502.5
1524,56964.73
1525,10092.94
1526,12456.67
1527,12517.57
1528,41012.44
1529,6082.56
1530,8774.54
1531,44554.34
1532,5284.76
1533,42051.82
1534,7722.27
1535,7880.98
1536,45767.06
1537,12092.46
1538,13102.9
1539,4539.76
1540,5103.53
1541,6214.47
1542,53776.03
1543,8896.4
1544,43020.59
1545,28050.18
1546,54684.0
1547,27843.62
1548,11159.3
1549,5673.18
1550,50309.98
1551,6457.18
1552,8149.04
1553,65191.07
1554,8080.75
1555,4554.86
1556,4665.78
1557,7190.36
1558,30367.48
1559,12045.81
1560,78309.18
1561,7928.82
1562,6566.2
1563,57640.71
1564,66020.32
1565,7226.89
1566,7806.92
1567,6019.09
1568,7600.36
1569,55559.31
1570,3098.02
1571,8268.9
1572,3383.58
1573,3171.41
1574,23550.36
1575,54011.22
1576,13401.04
1577,7873.71
1578,53912.28
1579,5484.04
1580,6172.31
1581,50414.55
1582,2534.44
1583,69104.28
1584,4647.07
1585,5514.62
1586,13928.32
1587,4019.35
1588,5556.5
1589,45180.6
1590,78072.73
1591,51683.1
1592,5152.77
1593,7946.76
1594,1875.44
1595,9508.22
1596,2822.72
1597,5879.15
1598,22169.92
1599,5331.38
1600,66891.98
1601,10995.77
1602,12147.49
1603,5910.46
1604,10942.64
1605,7449.04
1606,58498.35
1607,4411.12
1608,6419.5
1609,4976.08
1610,47876.97
1611,3916.01
1612,5477.3
1613,5365.91
1614,4714.52
1615,51618.38
1616,54913.32
1617,49174.78
1618,4894.46
1619,6443.075
1620,57080.94
1621,62314.98
1622,4819.56
1623,4312.36
1624,3389.84
1625,4935.99
1626,6616.95
1627,67268.14
1628,10670.74
1629,49845.15
1630,60120.64
1631,9419.02
1632,5245.99
1633,9212.44
1634,6401.38
1635,7620.66
1636,7429.85
1637,11878.42
1638,8292.7
1639,5455.35
1640,5949.44
1641,71699.87
1642,13492.34
1643,13113.7
1644,6443.0
1645,59363.29
1646,6452.21
1647,59528.22
1648,47135.63
1649,5721.5
1650,13395.29
1651,56010.93
1652,11652.06
1653,56923.33
1654,2381.72
1655,15973.88
1656,4941.53
1657,6226.72
1658,56630.5
1659,4628.62
1660,6297.28
1661,51218.09
1662,6208.26
1663,5511.51
1664,55796.52
1665,5455.57
1666,4148.9
1667,10910.42
1668,9584.73
1669,4574.31
1670,48908.26
1671,54158.25
1672,5350.51
1673,5096.5
1674,12115.12
1675,32884.91
1676,62814.7
1677,1901.14
1678,55372.08
1679,5236.7
1680,57332.68
1681,5056.59
1682,55101.02
1683,4167.04
1684,6577.17
1685,4560.49
1686,3464.7
1687,3474.63
1688,6316.27
1689,1815.94
1690,1637.57
1691,5715.01
1692,5224.51
1693,4783.43
1694,56014.81
1695,2412.24
1696,4104.87
1697,6399.38
1698,3853.93
1699,56041.67
1700,6660.2
1701,5267.7
1702,6303.32
1703,5734.75
1704,2936.98
1705,9125.72
1706,7143.83
1707,6374.29
1708,4487.71
1709,7596.66
1710,4572.49
1711,6177.7
1712,15755.33
1713,6166.58
1714,5690.52
1715,55263.74
1716,5784.75
1717,4220.54
1718,8796.03
1719,2395.81
1720,54608.0
1721,22545.82
1722,5908.51
1723,6208.63
1724,7461.0
1725,69026.66
1726,56047.63
1727,5025.42
1728,49231.28
1729,5616.33
1730,4363.73
1731,63701.56
1732,6084.86
1733,18164.36
1734,5864.21
1735,6042.75
1736,38518.3
1737,54737.45
1738,11852.44
1739,2993.15
1740,4190.61
1741,5992.26
1742,1659.34
1743,2765.22
1744,5326.65
1745,5975.47
1746,2514.18
1747,13234.14
1748,5276.82
1749,55838.33
1750,6115.65
1751,52758.95
1752,10965.47
1753,4978.29
1754,69217.9
1755,5998.98
1756,44249.05
1757,54376.37
1758,8393.74
1759,60984.21
1760,26304.16
1761,57174.21
1762,7085.13
1763,5255.89
1764,2121.66
1765,8316.22
1766,1868.35
1767,5140.81
1768,5832.25
1769,11065.31
1770,6549.33
1771,5902.28
1772,13525.23
1773,58368.7
1774,3714.9
1775,59153.21
1776,8293.37
1777,3869.2
1778,8633.7
1779,1223.63
1780,53607.26
1781,11761.74
1782,4594.95
1783,78198.03
1784,5689.82
1785,50769.79
1786,6219.66
1787,7650.5
1788,6325.06
1789,5798.78
1790,2478.39
1791,4336.95
1792,13775.31
1793,3785.9
1794,7383.93
1795,10933.66
1796,6813.52
1797,5065.25
1798,68348.45
1799,1874.13
1800,5397.76
1801,4850.94
1802,6069.333333333334
1803,2795.7
1804,63111.02
1805,9544.25
1806,3300.7
1807,7515.44
1808,7998.85
1809,7268.19
1810,68784.29
1811,5997.55
1812,5665.11
1813,80344.18
1814,6625.09
1815,7916.66
1816,5315.18
1817,61865.46
1818,4987.81
1819,2052.06
1820,4974.49
1821,8554.86
1822,54594.51
1823,27388.96
1824,8554.72
1825,11992.53
1826,7273.44
1827,14955.32
1828,51927.1
1829,17994.11
1830,5989.88
1831,22422.84
1832,44989.72
1833,5616.74
1834,3996.08
1835,32288.5
1836,1604.99
1837,6397.67
1838,4934.53
1839,12321.21
1840,72386.66
1841,6003.38
1842,53545.25
1843,58017.44
1844,14137.97
1845,19480.04
1846,5526.57
1847,5220.71
1848,6122.08
1849,9117.34
1850,7420.67
1851,10042.71
1852,5962.17
1853,4363.74
1854,13889.98
1855,6203.15
1856,5342.14
1857,56556.46
1858,11006.91
1859,6137.45
1860,10851.68
1861,5081.02
1862,52161.49
1863,4638.27
1864,3729.29
1865,60119.69
1866,12766.81
1867,5426.37
1868,5497.09
1869,3623.11
1870,6827.88
1871,3903.68
1872,69310.59
1873,11785.7
1874,7595.89
1875,5982.67
1876,5921.56
1877,8598.05
1878,46662.53
1879,5141.35
1880,2477.9
1881,13325.56
1882,9332.5
1883,10376.23
1884,5949.0
1885,2986.2
1886,2488.59
1887,51888.28
1888,11448.02
1889,4846.47
1890,56133.11
1891,5829.66
1892,5748.09
1893,4441.95
1894,5876.45
1895,6069.07
1896,54501.71
1897,12018.8
1898,1825.35
1899,5009.09
1900,7661.9
1901,4985.2
1902,6119.26
1903,8676.89
1904,5134.19
1905,13231.44
1906,45449.09
1907,1824.97
1908,6459.8
1909,5902.15
1910,3668.65
1911,11066.15
1912,7710.4
1913,4079.01
1914,13307.23
1915,8253.57
1916,6381.57
1917,45443.51
1918,6098.31
1919,5290.95
1920,6107.24
1921,6545.54
1922,59995.12
1923,2587.25
1924,65467.78
1925,7015.22
1926,3694.84
1927,56306.75
1928,6794.66
1929,4952.55
1930,2308.22
1931,8537.0
1932,6563.39
1933,10578.39
1934,15451.89
1935,3344.45
1936,60236.36
1937,6864.64
1938,5575.86
1939,4683.54
1940,2547.46
1941,51069.33
1942,10970.52
1943,7540.04
1944,5978.41
1945,48211.94
1946,2531.56
1947,13893.99
1948,4617.51
1949,5353.01
1950,9632.122714285715
1951,2700.09
1952,7905.84
1953,51891.69
1954,10787.37
1955,63454.69
1956,13408.24
1957,4959.97
1958,50216.21
1959,5221.12
1960,5749.23
1961,49103.98
1962,7848.685
1963,45398.24
1964,50626.38
1965,3527.85
1966,34924.49
1967,9456.35
1968,3291.16
1969,14462.93
1970,5753.95
1971,4314.53
1972,2171.72
1973,39877.43
1974,3421.44
1975,12489.58
1976,3665.51
1977,5936.94
1978,52218.26
1979,4366.23
1980,6033.77
1981,4924.48
1982,61841.5
1983,36857.92
1984,5474.09
1985,66471.64
1986,52954.67
1987,11318.87
1988,48927.52
1989,55302.2
1990,48867.48
1991,5970.16
1992,5620.19
1993,6236.32
1994,4385.53
1995,2218.37
1996,1749.82
1997,10632.51
1998,5285.09
1999,1999.09
2000,6845.24
2001,64361.41
2002,4300.0
2003,3386.42
2004,66837.51
2005,2464.71
2006,6555.4
2007,51634.74
2008,31616.85
2009,62456.43
2010,10989.31
2011,5955.882833333333
2012,5901.98
2013,5012.31
2014,12930.85
2015,12276.89
2016,11961.55
2017,8983.4
2018,11515.83
2019,11008.62
2020,4221.51
2021,9955.68
2022,6215.75
2023,5336.48
2024,9663.82
2025,14364.67
2026,9724.84
2027,2493.81
2028,6027.87
2029,7489.69
2030,4306.1
2031,16840.6
2032,50813.04
2033,3278.8
2034,32239.8
2035,54098.36
2036,6312.85
2037,3477.44
2038,54848.64
2039,63025.14766666666
2040,58009.15
2041,58314.14
2042,6440.95
2043,4500.07
2044,7587.64
2045,53273.58
2046,56221.78
2047,39774.2
2048,4323.49
2049,6018.09
2050,5316.09
2051,2497.73
2052,31161.38
2053,56103.53
2054,6531.1
2055,50596.5
2056,48752.47
2057,59522.04
2058,6318.17
2059,4316.45
2060,4450.52
2061,68589.87
2062,4838.75
2063,5739.39
2064,5743.6
2065,6053.98
2066,5248.15
2067,6579.02
2068,9023.08
2069,8178.1
2070,4948.93
2071,3070.96
2072,69517.45
2073,4422.06
2074,5731.46
2075,65350.56
2076,13276.81
2077,1734.84
2078,6693.15
2079,6051.24
2080,4386.25
2081,50014.75
2082,5530.36
2083,4685.49
2084,1783.49
2085,49334.49
2086,5622.82
2087,67238.53
2088,67870.99333333333
2089,4312.07
2090,4459.84
2091,13029.28
2092,4920.62
2093,3070.72
2094,56932.86
2095,12078.51
2096,59734.75
2097,13394.91
2098,6815.03
2099,52541.38
2100,7401.34
2101,8050.07
2102,3831.3
2103,65098.73
2104,61577.29
2105,49547.83
2106,5228.15
2107,7977.79
2108,8118.32
2109,10763.31
2110,54143.12
2111,4550.98
2112,7659.57
2113,3492.29
2114,69098.86
2115,6445.23
2116,44770.54
2117,5378.84
2118,5045.6
2119,43410.63
2120,5039.32
2121,49363.87
2122,7189.59
2123,47869.2
2124,7348.31
2125,66066.17
2126,3647.45
2127,52993.32
2128,3191.6
2129,57150.09
2130,6120.47
2131,45747.05
2132,59523.06
2133,3868.7
2134,4600.21
2135,3576.49
2136,3890.0
2137,6310.11
2138,49427.47
2139,5161.83
2140,8026.54
2141,5283.8
2142,55695.89
2143,7790.82
2144,51540.88
2145,4309.12
2146,5248.9
2147,4568.22
2148,3629.6
2149,9406.96
2150,7522.39
2151,6774.05
2152,8407.45
2153,46217.84
2154,47807.27
2155,32212.35
2156,5607.32
2157,14317.0
2158,14656.02
2159,11253.89
2160,7729.97
2161,50248.07
2162,4443.54
2163,54920.45
2164,5643.85
2165,8188.05
2166,4312.35
2167,43867.55
2168,53613.53
2169,6529.86
2170,5941.02
2171,50235.72
2172,4138.4
2173,5197.96
2174,3073.87
2175,5661.95
2176,44095.17
2177,48233.43
2178,55666.66
2179,5739.35
2180,62911.43
2181,3309.86
2182,38369.61
2183,43941.95
2184,5227.71
2185,6317.14
2186,9132.51
2187,14609.54
2188,7664.49
2189,6283.23
2190,8952.6
2191,74242.96
2192,6962.72
2193,6487.8
2194,2380.83
2195,6005.93
2196,56870.9
2197,67244.29
2198,51771.93
2199,3220.53
2200,4302.28
2201,5044.76
2202,5653.14
2203,7047.13
2204,8493.56
2205,6200.24
2206,3874.98
2207,74359.1
2208,4924.9
2209,67555.75
2210,10935.26
2211,12614.88
2212,48211.89
2213,67959.85
2214,10870.1
2215,4921.8
2216,6510.66
2217,60326.918
2218,61053.03
2219,3142.59
2220,52872.09
2221,6164.23
2222,3115.43
2223,5846.58
2224,4816.65
2225,3829.61
2226,6341.03
2227,5329.98
2228,11422.15
2229,11382.49
2230,4234.0
2231,3679.76
2232,56434.14
2233,13674.13
2234,7522.9
2235,58464.72
2236,5708.37
2237,11841.4
2238,4312.83
2239,7019.85
2240,55271.34
2241,9882.2
2242,6497.12
2243,52346.9
2244,2150.0
2245,5159.96
2246,9390.06
2247,3429.49
2248,6915.8
2249,5632.05
2250,6400.92
2251,10829.68
2252,52623.28
2253,9263.11
2254,44389.27
2255,3969.76
2256,5923.52
2257,3209.17
2258,5749.5
2259,6081.98
2260,7524.79
2261,7651.19
2262,9325.09
2263,10459.9
2264,7383.51
2265,2407.51
2266,25006.69
2267,45035.99
2268,11051.55
2269,5854.85
2270,4864.14
2271,3240.17
2272,5345.28
2273,2118.12
2274,44125.86
2275,50047.71
2276,2954.43
2277,10937.01
2278,2548.03
2279,6396.67
2280,43990.41
2281,4606.19
2282,67537.01
2283,59559.79
2284,9299.93
2285,8395.28
2286,46595.78
2287,60961.08
2288,3128.56
2289,6445.53
2290,2778.91
2291,4803.37
2292,2291.6
2293,16877.79
2294,9922.62
2295,5269.79
2296,6172.31
2297,27260.21
2298,6786.24
2299,10181.83
2300,3490.01
2301,44674.28
2302,5267.26
2303,57419.14
2304,8103.15
2305,47906.28
2306,8546.03
2307,17677.61
2308,62599.54
2309,4479.63
2310,9965.04
2311,57461.52
2312,13050.16
2313,46586.14
2314,4951.39
2315,15600.89
2316,5892.642
2317,54491.66
2318,22585.52
2319,12062.54
2320,6921.64
2321,56349.24
2322,2509.8
2323,15568.49
2324,8882.54
2325,6196.11
2326,5434.34
2327,11319.63
2328,36040.49
2329,7008.47
2330,5812.05
2331,46070.05
2332,9673.79
2333,7819.51
2334,11394.19
2335,51340.56
2336,51079.7
2337,47798.97
2338,2593.73
2339,40490.6
2340,9586.901666666667
2341,41881.29
2342,4571.57
2343,46962.65
2344,6757.69
2345,52097.82
2346,4800.76
2347,7555.5
2348,11951.58
2349,6285.29
2350,54068.61
2351,4176.64
2352,4481.16
2353,5338.83
2354,2351.98
2355,5619.76
2356,58270.18
2357,55950.56
2358,4934.47
2359,5369.35
2360,7658.45
2361,64371.18
2362,63794.84
2363,4725.11
2364,54861.8
2365,6724.33
2366,58672.89
2367,4111.83
2368,78072.73
2369,65813.69
2370,6066.46
2371,7586.29
2372,4689.3
2373,5825.23
2374,4340.17
2375,3993.54
2376,50681.57
2377,11752.57
2378,55115.87
2379,4722.57
2380,26010.87
2381,4741.84
2382,10272.81
2383,84972.24
2384,7571.77
2385,11683.27
2386,54689.35
2387,5023.26
2388,5752.54
2389,3400.89
2390,43824.57
2391,5840.74
2392,11696.64
2393,7889.1
2394,13515.29
2395,22235.56
2396,46218.36
2397,4548.88
2398,10825.2
2399,6597.12
2400,13811.49
2401,61126.63
2402,4541.85
2403,29813.16
2404,44462.62
2405,6394.79
2406,5121.95
2407,4570.19
2408,9005.03
2409,9729.62
2410,41600.41
2411,6657.73
2412,6027.43
2413,2940.47
2414,64872.84
2415,9576.95
2416,43195.41
2417,11115.59
2418,5427.53
2419,5458.03
2420,5810.58
2421,8230.91
2422,64485.8
2423,4469.25
2424,2658.08
2425,4806.81
2426,64523.48
2427,5349.63
2428,54250.87
2429,60339.14
2430,12897.47
2431,22152.0
2432,60488.8
2433,7653.52
2434,6650.21
2435,7582.53
2436,5018.24
2437,58755.94
2438,49220.22
2439,5322.3
2440,51406.89
2441,4157.51
2442,7098.4
2443,5874.39
2444,2424.36
2445,2519.01
2446,11351.09
2447,7197.79
2448,7794.84
2449,4994.83
2450,5914.79
2451,3828.44
2452,9567.85
2453,7118.54
2454,49790.02
2455,12718.22
2456,53803.69
2457,24120.38
2458,8314.73
2459,42224.25
2460,49704.89
2461,6800.26
2462,6331.68
2463,5648.04
2464,7481.379500000001
2465,4448.28
2466,2345.08
2467,5944.319333333334
2468,5988.63
2469,5289.77
2470,5741.75
2471,7480.15
2472,4441.67
2473,4504.56
2474,4144.11
2475,8245.84
2476,4750.49
2477,4107.69
2478,11908.61
2479,73439.59
2480,5258.3
2481,32098.62
2482,5814.88
2483,66075.33
2484,47701.79
2485,57349.2
2486,5810.08
2487,5680.24
2488,52496.485
2489,2364.62
2490,8011.25
2491,56222.82
2492,13749.156666666666
2493,5034.25
2494,4797.15
2495,5092.21
2496,5418.09
2497,2506.55
2498,10170.34
2499,67179.73
2500,3530.14
2501,52133.94
2502,10758.44
2503,3142.24
2504,15999.06
2505,50262.15
2506,2613.09
2507,17643.53
2508,8875.06
2509,5154.41
2510,5746.59
2511,52328.28
2512,10501.62
2513,3485.15
2514,5901.46
2515,14123.1
2516,4570.82
2517,2691.56
2518,58090.04
2519,62841.73
2520,60355.89
2521,5596.99
2522,77606.23
2523,55956.12
2524,59463.92
2525,64019.84
2526,7200.34
2527,7027.77
2528,14521.73
2529,3379.59
2530,8048.513333333333
2531,58092.75
2532,59657.6
2533,4842.11
2534,45320.08
2535,7962.03
2536,7394.19
2537,4675.65
2538,8269.79
2539,2988.01
2540,54933.36
2541,11955.04
2542,11876.99
2543,25230.12
2544,21715.14
2545,5032.41
2546,54684.0
2547,6015.66
2548,2168.24
2549,46840.45
2550,6696.29
2551,4981.2995
2552,8640.21
2553,6688.75
2554,47621.16
2555,63025.43
2556,8604.66
2557,6061.55
2558,3305.82
2559,3357.14
2560,8295.1
2561,6680.04
2562,6189.25
2563,14630.41
2564,4459.03
2565,13413.37
2566,15475.45
2567,3990.87
2568,8380.71
2569,8011.02
2570,46469.58
2571,65583.44
2572,2124.0
2573,2865.66
2574,51715.9
2575,6144.17
2576,48237.48
2577,65839.56
2578,7956.2
2579,3761.75
2580,67533.92
2581,55855.47
2582,57515.0
2583,47058.1
2584,5517.37
2585,6030.79
2586,5547.51
2587,55985.16
2588,5188.39
2589,5028.7
2590,5825.83
2591,3750.69
2592,3159.88
2593,6083.96
2594,43159.61
2595,9765.68
2596,31393.56
2597,12408.97
2598,61202.04
2599,5208.69
2600,61613.99
2601,12446.53
2602,3817.11
2603,66578.1
2604,4729.57
2605,15922.345
2606,56131.81
2607,6733.86
2608,5446.55
2609,4650.29
2610,4890.75
2611,9386.59
2612,13937.18
2613,2618.45
2614,6025.41
2615,46183.91
2616,6312.22
2617,5972.45
2618,66702.13
2619,15048.8
2620,9271.57
2621,2415.18
2622,3825.45
2623,7507.19
2624,59577.71
2625,55877.57
2626,6129.49
2627,63329.75
2628,54497.59
2629,54745.45
2630,8309.1
2631,5357.69
2632,3981.76
2633,56822.92
2634,10652.65
2635,3268.9
2636,3774.92
2637,6935.83
2638,62489.92
2639,12338.98
2640,5751.56
2641,3938.0
2642,52852.62
2643,42159.91
2644,4128.49
2645,4575.84
2646,2535.82
2647,33231.94
2648,9905.486666666666
2649,5762.85
2650,60740.68
2651,58957.9
2652,2394.07
2653,6934.65
2654,3848.3
2655,4232.58
2656,5013.14
2657,53481.55
2658,54679.67
2659,50186.34
2660,49940.57
2661,64058.35
2662,2570.62
2663,54472.25
2664,6819.4
2665,5996.99
2666,42416.49
2667,56458.89
2668,54927.58
2669,58548.93
2670,2547.13
2671,13095.91
2672,4827.37
2673,9839.82
2674,4432.6
2675,7162.95
2676,5846.42
2677,2407.01
2678,3662.01
2679,2625.68
2680,5824.51
2681,4811.18
2682,7017.28
2683,3162.9
2684,7396.62
2685,4852.64
2686,6391.06
2687,62743.21
2688,50414.1
2689,12558.45
2690,13094.19
2691,22551.88
2692,4689.98
2693,7575.54
2694,2596.76
2695,9998.14
2696,3503.27
2697,8952.67
2698,12941.54
2699,61355.42
2700,51484.87
2701,45846.97
2702,3091.53
2703,7595.71
2704,4488.86
2705,13997.83
2706,5884.98
2707,44426.73
2708,49737.54
2709,5811.15
2710,51673.73
2711,4910.5
2712,5104.74
2713,4828.6
2714,56383.73
2715,7843.56
2716,4347.71
2717,58097.2
2718,4135.57
2719,5589.63
2720,6101.37
2721,2415.75
2722,12700.42
2723,64027.37
2724,15093.93
2725,2701.81
2726,2791.27
2727,6280.88
2728,5951.21
2729,3459.89
2730,11631.53
2731,51334.06
2732,2474.12
2733,6743.52
2734,52820.5
2735,5326.78
2736,7592.355
2737,50189.94
2738,4800.5
2739,59763.65
2740,5560.59
2741,9739.43
2742,6498.48
2743,64079.09
2744,5649.95
2745,54573.09
2746,6175.2
2747,5522.34
2748,57907.34
2749,5412.96
2750,10916.47
2751,58941.23
2752,6752.59
2753,66103.7
2754,6445.83
2755,5599.91
2756,6123.27
2757,60674.12
2758,4880.43
2759,42474.82
2760,6968.49
2761,53592.53
2762,18273.41
2763,6225.09
2764,52177.3
2765,12885.22
2766,8477.54
2767,7153.04
2768,52482.88
2769,10213.1
2770,51850.43
2771,3179.73
2772,2860.34
2773,3278.32
2774,3442.73
2775,10516.08
2776,7009.85
2777,8691.03
2778,13326.3
2779,9054.28
2780,53205.27
2781,52491.9
2782,8733.29
2783,8609.44
2784,12520.64
2785,6754.99
2786,3791.7
2787,8834.9
2788,6463.28
2789,6301.88
2790,3088.23
2791,2414.0
2792,1922.4
2793,55380.02
2794,4503.42
2795,51333.48
2796,8096.03
2797,10766.75
2798,6069.69
2799,48566.0
2800,6236.92
2801,5490.15
2802,4876.2
2803,33726.4
2804,4055.81
2805,6294.48
2806,65822.09
2807,64812.33
2808,4641.04
2809,50677.19
2810,6181.44
2811,5305.62
2812,6505.36
2813,11329.72
2814,1764.73
2815,9380.66
2816,7914.25
2817,7390.51
2818,5600.11
2819,2444.86
2820,3750.18
2821,7178.98
2822,5358.3
2823,4066.98
2824,5666.41
2825,2879.15
2826,7418.51
2827,5038.16
2828,54771.66
2829,6794.31
2830,5575.71
2831,2330.98
2832,6359.38
2833,4587.42
2834,4967.8
2835,9375.35
2836,1905.19
2837,7372.66
2838,52062.65
2839,61308.28
2840,6055.56
2841,48621.4
2842,47705.68
2843,59911.42
2844,56057.01
2845,3036.63
2846,5157.62
2847,22326.76
2848,7747.99
2849,2857.03
2850,48545.26
2851,6171.74
2852,6371.76
2853,58978.7
2854,55408.28
2855,14003.22
2856,9295.96
2857,50699.79
2858,5157.02
2859,18054.61
2860,5100.08
2861,6675.91
2862,7285.23
2863,4827.09
2864,56056.38
2865,2990.74
2866,2816.16
2867,5774.71
2868,14466.49
2869,53031.72
2870,11475.94
2871,50299.71
2872,56982.66
2873,10581.46
2874,12694.0
2875,6658.05
2876,6390.24
2877,5157.49
2878,7234.02
2879,11207.88
2880,36355.21
2881,2595.36
2882,52068.48
2883,46132.7
2884,5813.84
2885,3488.14
2886,47298.17
2887,6541.67
2888,24102.8
2889,3089.38
2890,1766.31
2891,5623.11
2892,44756.96
2893,5962.95
2894,4311.89
2895,7557.71
2896,16546.09
2897,5419.76
2898,2600.08
2899,12586.21
2900,6535.71
2901,4519.44
2902,55528.69
2903,12449.11
2904,52551.07
2905,5412.62
2906,46941.87
2907,5904.45
2908,53355.39
2909,50809.38
2910,9831.42
2911,6114.89
2912,6082.99
2913,6190.2
2914,55673.02
2915,6107.48
2916,6199.93
2917,5255.84
2918,8692.89
2919,57550.04
2920,13377.62
2921,3079.57
2922,7502.95
2923,13331.82
2924,48928.77
2925,16352.45
2926,7335.59
2927,5297.85
2928,8717.66
2929,39911.24
2930,10390.76
2931,18088.215
2932,5486.1
2933,68943.76
2934,15436.84
2935,55803.35
2936,49865.99
2937,8062.01
2938,7331.07
2939,5725.51
2940,4539.63
2941,55800.92
2942,5247.83
2943,6750.76
2944,3076.09
2945,14704.12
2946,62845.21
2947,14269.73
2948,50474.15
2949,4425.19
2950,5544.79
2951,6347.97
2952,8066.9
2953,61701.58
2954,18347.43
2955,53003.1
2956,12012.33
2957,4982.93
2958,5681.78
2959,7347.58
2960,6164.71
2961,3869.95
2962,3928.92
2963,10586.46
2964,8306.77
2965,51378.44
2966,4181.8
2967,5095.92
2968,55545.33
2969,5071.17
2970,17794.0
2971,7170.33
2972,7555.83
2973,2741.07
2974,9811.42
2975,47754.18
2976,54547.91
2977,15360.12
2978,4921.57
2979,5446.26
2980,5902.73
2981,5620.78
2982,52758.28
2983,12590.5
2984,62336.0
2985,4688.65
2986,5356.31
2987,8089.13
2988,65393.35
2989,12696.405
2990,3619.83
2991,58380.55
2992,48485.24
2993,2611.71
2994,4325.84
2995,3159.06
2996,55287.7
2997,6018.14
2998,48027.67
2999,6134.86
3000,5083.95
3001,5530.31
3002,59639.49
3003,3776.2
3004,6084.67
3005,2926.75
3006,48136.64
3007,6770.55
3008,55205.67
3009,7405.398
3010,63197.79
3011,7343.58
3012,4620.16
3013,2225.97
3014,42796.14
3015,44994.47
3016,47876.68
3017,67013.76
3018,54839.86
3019,9705.18
3020,3393.92
3021,5245.58
3022,4427.97
3023,3111.57
3024,7461.75
3025,5307.84
3026,6780.95
3027,50880.69
3028,5806.54
3029,7893.02
3030,5632.74
3031,4057.53
3032,6127.18
3033,58818.82
3034,5897.43
3035,52845.24
3036,4119.8
3037,5968.22
3038,4555.67
3039,15766.015
3040,43576.0
3041,5783.77
3042,12710.94
3043,4091.37
3044,4393.75
3045,7145.61
3046,4298.24
3047,61707.55
3048,11361.14
3049,65549.34
3050,2341.76
3051,44616.71
3052,56261.74
3053,5655.28
3054,54476.4
3055,49938.39
3056,3191.28
3057,7586.64
3058,60414.13
3059,2450.71
3060,4095.22
3061,56598.37
3062,5276.55
3063,2865.81
3064,12339.7
3065,6513.01
3066,25070.96
3067,4662.63
3068,2251.52
3069,7419.62
3070,9763.6
3071,6201.94
3072,53979.08
3073,6148.85
3074,2428.73
3075,5054.56
3076,51673.88
3077,10320.14
3078,4031.89
3079,2454.1
3080,3419.57
3081,43159.89
3082,15021.29
3083,11650.82
3084,8478.66
3085,13438.65
3086,13000.45
3087,9792.615333333331
3088,4490.63
3089,4511.62
3090,7577.41
3091,4819.88
3092,7831.72
3093,6265.92
3094,4813.59
3095,4536.51
3096,5845.84
3097,7166.76
3098,53340.34
3099,6760.39
3100,6126.95
3101,56262.68
3102,35837.79
3103,5503.06
3104,7289.83
3105,7032.45
3106,19685.44
3107,53651.07
3108,46513.68
3109,5564.75
3110,61424.22
3111,48210.25
3112,6041.21
3113,6030.18
3114,2382.01
3115,50031.75
3116,3490.15
3117,11046.15
3118,4926.22
3119,8069.32
3120,59191.17
3121,60007.04
3122,54399.2
3123,3598.39
3124,64989.27
3125,30076.86
3126,4353.65
3127,8363.5
3128,53588.7
3129,53443.63
3130,2197.29
3131,7286.31
3132,13273.11
3133,4322.59
3134,2379.28
3135,7313.19
3136,60822.57
3137,61763.06
3138,11916.12
3139,5460.28
3140,49387.11
3141,4491.57
3142,50237.24
3143,46860.33
3144,4962.2
3145,13480.5
3146,49927.32
3147,3438.68
3148,4423.56
3149,6775.43
3150,1762.71
3151,58226.85
3152,6738.18
3153,14333.44
3154,53707.42
3155,6863.46
3156,5190.95
3157,5118.75
3158,5808.03
3159,5924.86
3160,11503.396666666666
3161,4669.05
3162,43552.89
3163,80306.37
3164,7355.5
3165,14301.88
3166,6054.3
3167,2028.71
3168,50232.37
3169,6456.64
3170,6526.04
3171,5405.1
3172,13020.0
3173,11434.456666666665
3174,5941.27
3175,5933.2
3176,6612.14
3177,4706.85
3178,3842.3
3179,8029.1
3180,9675.39
3181,53876.76
3182,46621.32
3183,16643.94
3184,2601.79
3185,3745.26
3186,4726.22
3187,4400.01
3188,7306.38
3189,4305.44
3190,5868.04
3191,56219.19
3192,55462.76
3193,43172.12
3194,60792.49
3195,54244.73
3196,5431.72
3197,4663.79
3198,49088.00814285714
3199,72658.79
3200,65243.97
3201,11852.49
3202,5547.87
3203,8624.86
3204,14362.97
3205,30230.22
3206,5459.8
3207,68508.46
3208,5287.43
3209,73726.15
3210,6623.79
3211,5607.19
3212,2885.39
3213,5184.71
3214,6066.52
3215,54803.04
3216,4529.4
3217,22640.04
3218,7459.53
3219,5100.39
3220,32490.68
3221,51292.76
3222,4706.43
3223,52796.175
3224,6713.07
3225,5776.51
3226,59644.44
3227,7037.57
3228,4111.0
3229,4908.31
3230,6026.4
3231,7744.09
3232,6431.95
3233,9418.05
3234,5292.99
3235,13124.8
3236,2559.93
3237,4307.0
3238,6476.83
3239,1806.91
3240,4674.55
3241,3598.95
3242,5528.06
3243,4904.24
3244,61577.98
3245,40764.64
3246,54335.95
3247,53583.05
3248,6307.03
3249,10502.06
3250,9315.82
3251,54943.54
3252,5594.35
3253,71491.86
3254,5743.0
3255,4582.04
3256,5989.3
3257,66778.34
3258,54180.16
3259,5866.25
3260,4956.79
3261,29983.86
3262,2747.26
3263,6127.4
3264,13254.73
3265,5945.78
3266,3581.61
3267,2888.84
3268,4965.62
3269,2634.8
3270,7120.49
3271,2467.61
3272,15683.79
3273,6107.58
3274,5910.01
3275,6314.15
3276,21847.06
3277,3569.96
3278,58425.38
3279,50734.72
3280,5633.98
3281,5979.39
3282,5717.51
3283,7289.21
3284,4496.17
3285,5336.65
3286,5452.56
3287,12396.46
3288,5073.62
3289,13274.556666666665
3290,8700.24
3291,52737.58
3292,8733.3
3293,11069.34
3294,61203.37
3295,55767.93
3296,59344.52
3297,5179.8
3298,5952.37
3299,4894.32
3300,4340.77
3301,12967.63
3302,7354.82
3303,49270.31
3304,4558.44
3305,6015.97
3306,5885.02
3307,6009.65
3308,50058.32
3309,4515.04
3310,39411.58
3311,5579.08
3312,39664.04
3313,13596.085
3314,4831.62
3315,5942.31
3316,28451.25
3317,6630.59
3318,10955.26
3319,56733.13
3320,5428.82
3321,2510.94
3322,4923.34
3323,4389.41
3324,3377.49
3325,7463.34
3326,3602.35
3327,44307.63
3328,12242.37
3329,4241.96
3330,6561.82
3331,12686.11
3332,3040.05
3333,6523.4
3334,7537.63
3335,53360.3
3336,56018.5
3337,12412.94
3338,4678.04
3339,61094.29
3340,5226.84
3341,9898.97
3342,4693.06
3343,2120.61
3344,2425.11
3345,43080.73
3346,51326.13
3347,12462.68
3348,4548.68
3349,62235.24
3350,57451.33
3351,4506.62
3352,6517.97
3353,6068.04
3354,4521.93
3355,8416.52
3356,6906.57
3357,6951.3
3358,11945.95
3359,2758.45
3360,56533.29
3361,50958.24
3362,4443.22
3363,11870.04
3364,2693.78
3365,6052.39
3366,7656.43
3367,7972.39
3368,12830.93
3369,5409.66
3370,7077.71
3371,3304.73
3372,2505.93
3373,27729.72
3374,8232.81
3375,54513.08
3376,39358.99
3377,8923.62
3378,4468.93
3379,49070.7
3380,53852.18
3381,5944.89
3382,2428.26
3383,7856.92
3384,2780.63
3385,3236.75
3386,60968.07
3387,5630.91
3388,13236.29
3389,9094.62
3390,4832.38
3391,58281.28
3392,26363.12
3393,42732.68
3394,64855.95
3395,62013.58
3396,56643.62
3397,3438.69
3398,2591.05
3399,49369.76
3400,5810.09
3401,60851.01
3402,52972.32
3403,9496.82
3404,14405.47
3405,19549.11
3406,5828.5
3407,16061.045
3408,5472.14
3409,7563.95
3410,35710.34
3411,5084.56
3412,9643.36
3413,2336.33
3414,2291.6
3415,41543.79
3416,10044.69
3417,51601.65
3418,66164.62
3419,7047.195
3420,5426.37
3421,7004.35
3422,15523.2
3423,4438.28
3424,8909.99
3425,53374.4
3426,22283.1
3427,17800.34
3428,49481.84
3429,6532.74
3430,44240.64
3431,4534.48
3432,5672.57
3433,6418.7
3434,5418.45
3435,5580.9
3436,11510.12
3437,60452.2
3438,12418.57
3439,5286.1
3440,4872.89
3441,6310.78
3442,10516.38
3443,56259.22
3444,5742.96
3445,7317.73
3446,48233.45
3447,6358.8
3448,6584.58
3449,54348.38
3450,5613.91
3451,3986.62
3452,3950.92
3453,50746.12
3454,3286.11
3455,13400.34
3456,53462.65
3457,53708.76
3458,12714.68
3459,55718.4
3460,50851.67
3461,3005.4
3462,7177.65
3463,2695.3
3464,5580.46
3465,64272.25
3466,4672.47
3467,4818.36
3468,47212.96
3469,63975.4
3470,2089.8
3471,46693.79
3472,67692.39
3473,62032.89
3474,54821.0
3475,21702.04
3476,13907.37
3477,3614.49
3478,12398.93
3479,62941.56
3480,4534.8
3481,5037.34
3482,42156.49
3483,43142.68
3484,26420.82
3485,59726.27
3486,6045.81
3487,12192.13
3488,17229.67
3489,5374.06
3490,40316.51
3491,8380.39
3492,13333.3
3493,31257.82
3494,3047.73
3495,7170.95
3496,15003.17
3497,7395.83
3498,7463.27
3499,5711.48
3500,5741.51
3501,13785.46
3502,62292.75
3503,42061.14
3504,15409.78
3505,56321.81
3506,13738.8
3507,6070.35
3508,5704.18
3509,3261.45
3510,58266.78
3511,3573.68
3512,66497.23
3513,4498.34
3514,54497.02
3515,13679.14
3516,2976.56
3517,12741.395
3518,12454.885
3519,7782.33
3520,5473.15
3521,13309.52
3522,5990.29
3523,6802.97
3524,2566.58
3525,6293.15
3526,6078.38
3527,56339.77
3528,4887.59
3529,5570.29
3530,5411.45
3531,4463.14
3532,8955.868
3533,6060.685
3534,2838.99
3535,46227.89
3536,41463.22
3537,4483.51
3538,5112.68
3539,5679.18
3540,4577.01
3541,3477.28
3542,2644.77
3543,6868.08
3544,2286.74
3545,3869.55
3546,3610.77
3547,3803.27
3548,30076.86
3549,51398.53
3550,47577.58
3551,6043.28
3552,5887.05
3553,4154.3
3554,48976.95
3555,60312.2
3556,5714.13
3557,5109.07
3558,4651.92
3559,10548.82
3560,60431.09
3561,55512.61
3562,7924.04
3563,7469.98
3564,2792.94
3565,13674.45
3566,2624.05
3567,7946.12
3568,3718.61
3569,4098.95
3570,62421.52
3571,2896.81
3572,3764.41
3573,7044.16
3574,10827.02
3575,62843.77
3576,55407.73
3577,14590.91
3578,3850.54
3579,5412.55
3580,54129.66
3581,51185.96
3582,73978.01
3583,22151.88
3584,32904.5
3585,50886.54
3586,4182.78
3587,7435.23
3588,58596.05
3589,50489.55
3590,14004.9
3591,5288.6
3592,65491.34
3593,13046.64
3594,6603.68
3595,7105.11
3596,11729.98
3597,53146.12
3598,7749.17
3599,51083.58
3600,2343.9
3601,4590.98
3602,6697.73
3603,12784.09
3604,7603.59
3605,50818.95
3606,7114.06
3607,40764.64
3608,57093.46
3609,4780.67
3610,5591.23
3611,64270.72
3612,12518.04
3613,4737.9
3614,64044.4
3615,4689.72
3616,12622.73
3617,4370.87
3618,13775.8
3619,6491.57
3620,4674.12
3621,11483.05
3622,49390.63
3623,3688.08
3624,7835.08
3625,59471.14
3626,31009.62
3627,11377.29
3628,6132.71
3629,6125.05
3630,2613.07
3631,4894.73
3632,9429.0
3633,9591.45
3634,10380.64
3635,61276.62
3636,11374.99
3637,1846.5
3638,3487.63
3639,3125.56
3640,3816.41
3641,3455.35
3642,5920.48
3643,61265.06
3644,4913.56
3645,2742.77
3646,5545.51
3647,6653.79
3648,43206.38
3649,51261.46
3650,4601.6
3651,7753.47
3652,53484.83
3653,6343.89
3654,5667.78
3655,11267.69
3656,5853.6
3657,3367.31
3658,48075.98
3659,4073.64
3660,4395.59
3661,53259.18
3662,1896.55
3663,60122.77
3664,6243.91
3665,4877.93
3666,45138.82
3667,8177.46
3668,12283.905
3669,4711.06
3670,14543.21
3671,3087.44
3672,49219.79
3673,53956.09
3674,2589.55
3675,12737.46
3676,9741.36
3677,3077.15
3678,9155.71
3679,3472.2
3680,3725.94
3681,53817.14
3682,59521.3
3683,5954.8
3684,42875.79
3685,55204.04
3686,3288.59
3687,4416.13
3688,43790.55
3689,62096.63
3690,5311.3
3691,6550.75
3692,6605.97
3693,10113.96
3694,73804.95666666667
3695,6234.17
3696,4464.06
3697,5064.76
3698,63684.28
3699,61354.09
3700,2469.45
3701,11959.87
3702,5503.37
3703,1741.02
3704,6193.84
3705,5831.62
3706,14585.74
3707,9082.58
3708,4446.96
3709,7992.12
3710,51572.25
3711,57559.65
3712,54544.35
3713,14523.02
3714,2959.03
3715,6639.45
3716,4757.69
3717,8776.52
3718,8014.46
3719,4827.65
3720,24210.28
3721,4131.51
3722,4285.14
3723,6168.02
3724,4372.62
3725,64177.47
3726,63407.96
3727,5012.49
3728,55503.47
3729,12435.65
3730,8352.55
3731,7878.19
3732,3432.25
3733,5114.2
3734,5066.28
3735,52317.8
3736,4077.38
3737,10887.86
3738,8154.5
3739,6027.65
3740,54124.4
3741,60456.69
3742,7736.6
3743,7028.54
3744,23069.96
3745,53743.53
3746,9905.61
3747,55185.22
3748,8212.6
3749,8061.26
3750,7334.81
3751,5617.73
3752,51630.04
3753,6772.35
3754,65940.37
3755,4733.97
3756,32065.3
3757,6961.03
3758,6210.43
3759,6761.64
3760,8309.37
3761,4949.18
3762,2152.96
3763,64747.9
3764,46681.79
3765,3091.32
3766,2711.61
3767,2416.98
3768,48540.66
3769,56480.99
3770,4835.69
3771,7161.01
3772,3271.32
3773,6557.655
3774,6883.33
3775,3262.48
3776,7669.94
3777,7410.46
3778,4876.17
3779,4952.95
3780,40916.76
3781,5707.23
3782,13559.81
3783,48535.85
3784,10042.01
3785,14397.94
3786,54487.1
3787,53427.56
3788,56919.58
3789,13145.59
3790,2528.69
3791,4469.85
3792,54773.84
3793,12715.93
3794,39985.24
3795,5013.12
3796,5759.0
3797,13972.89
3798,40826.03
3799,23410.78
3800,5867.57
3801,5710.45
3802,9562.98
3803,28622.88
3804,9816.87
3805,7557.82
3806,6366.691999999999
3807,5712.05
3808,7927.56
3809,5166.98
3810,56282.18
3811,47866.05
3812,52613.89
3813,42341.77
3814,10121.47
3815,5487.08
3816,2440.54
3817,52739.265
3818,45025.01
3819,2424.29
3820,3991.86
3821,8240.27
3822,48391.57
3823,2426.54
3824,34112.24
3825,5975.31
3826,40620.81
3827,42769.76
3828,7306.985
3829,11937.29
3830,12528.78
3831,6484.36
3832,5439.13
3833,5985.74
3834,4868.32
3835,36561.01
3836,4199.04
3837,30731.88
3838,48481.3
3839,7895.92
3840,2400.61
3841,51125.28
3842,62739.74
3843,5420.98
3844,28253.93
3845,55915.95
3846,5104.7
3847,43537.92
3848,7150.18
3849,7909.02
3850,3405.02
3851,2695.62
3852,5940.7
3853,38067.14
3854,7394.69
3855,4541.34
3856,59049.32
3857,6655.67
3858,6886.61
3859,12751.21
3860,5568.25
3861,11285.4
3862,3182.94
3863,43262.59
3864,3810.13
3865,44395.3
3866,26304.22
3867,7607.04
3868,4573.73
3869,18456.37
3870,2935.55
3871,49615.77
3872,4418.88
3873,8130.89
3874,31124.77
3875,7962.83
3876,6050.88
3877,5678.74
3878,6888.65
3879,12984.51
3880,49308.12
3881,9120.44
3882,6688.96
3883,6782.33
3884,7983.42
3885,56468.87
3886,5554.61
3887,27468.78
3888,10751.85
3889,2587.14
3890,4951.88
3891,5874.8
3892,5120.4
3893,7464.24
3894,11026.91
3895,47354.67
3896,2005.98
3897,6065.92
3898,2826.33
3899,4971.88
3900,5971.64
3901,10237.69
3902,6690.57
3903,55864.16
3904,50668.42
3905,55272.49
3906,3829.18
3907,49751.65
3908,60866.76
3909,64229.48
3910,5807.27
3911,3001.1
3912,3861.71
3913,4237.59
3914,5192.09
3915,17575.59
3916,7102.37
3917,6133.83
3918,59871.61
3919,9813.15
3920,67280.11
3921,54903.98
3922,32670.4
3923,4807.35
3924,7272.12
3925,61271.42
3926,6568.3
3927,2690.51
3928,11769.76
3929,6025.69
3930,4612.86
3931,4833.68
3932,5553.05
3933,3626.41
3934,5833.88
3935,4788.4
3936,2324.8
3937,6776.19
3938,7501.96
3939,5104.05
3940,6428.68
3941,5824.98
3942,5470.85
3943,46439.61
3944,56866.72
3945,2838.8
3946,11536.13
3947,7520.52
3948,59893.29
3949,5240.87
3950,7479.22
3951,3840.33
3952,5986.28
3953,9332.31
3954,6942.61
3955,1747.69
3956,51685.78
3957,12281.94
3958,4121.54
3959,8033.82
3960,5133.93
3961,56444.76
3962,5921.61
3963,5445.98
3964,57099.74
3965,5609.51
3966,5173.31
3967,11554.3
3968,4716.53
3969,4619.14
3970,50770.61
3971,3101.85
3972,4103.25
3973,7327.78
3974,7098.67
3975,5684.54
3976,41667.92
3977,45739.59
3978,49824.31
3979,5155.69
3980,65544.74
3981,54812.68
3982,11721.33
3983,42265.96
3984,3854.1
3985,5584.16
3986,29698.6
3987,52483.1
3988,10823.33
3989,27693.32
3990,6906.83
3991,4774.17
3992,3189.57
3993,5952.77
3994,3993.17
3995,3850.74
3996,3455.5
3997,55452.84
3998,9602.26
3999,5242.06
4000,60727.49
4001,56603.9
4002,63234.97
4003,6428.01
4004,9912.93
4005,4385.62
4006,4095.29
4007,13640.24
4008,8662.1
4009,4689.69
4010,7326.82
4011,7406.27
4012,71145.47
4013,4365.54
4014,61793.17
4015,8582.73
4016,5901.82
4017,4526.28
4018,29382.53
4019,5373.89
4020,58853.98
4021,4312.2
4022,55100.41
4023,7228.99
4024,6218.67
4025,67932.55
4026,10405.96
4027,6826.93
4028,46796.45
4029,49626.15
4030,57580.27
4031,11860.04
4032,54111.51
4033,2511.3
4034,3755.91
4035,52248.73
4036,2358.77
4037,11835.36
4038,53871.78
4039,5377.15
4040,7531.61
4041,4872.93
4042,4448.02
4043,4113.45
4044,16888.06
4045,5990.06
4046,8426.91
4047,4796.31
4048,6313.67
4049,4778.0
4050,6050.26
4051,21764.9
4052,51430.37
4053,45848.19
4054,4428.36
4055,10245.81
4056,6721.07
4057,2902.12
4058,6068.7
4059,43419.09
4060,8345.79
4061,8101.48
4062,72856.95
4063,5482.89
4064,4268.06
4065,46306.68
4066,9860.21
4067,2460.43
4068,5977.26
4069,2281.6
4070,10909.49
4071,58530.54
4072,61128.29
4073,3776.45
4074,4573.47
4075,13131.19
4076,10774.02
4077,12262.7
4078,51277.57
4079,4301.19
4080,4842.44
4081,12672.04
4082,11728.95
4083,3248.06
4084,4273.34
4085,56082.35
4086,3992.78
4087,12472.53
4088,5870.27
4089,73907.67
4090,6946.972
4091,8881.27
4092,8851.89
4093,7501.41
4094,5806.04
4095,4549.82
4096,44104.95
4097,5019.77
4098,56507.12
4099,47914.22
4100,48017.7
4101,3792.45
4102,2935.0
4103,4720.94
4104,8681.53
4105,68865.02
4106,57187.31
4107,12621.69
4108,7966.33
4109,45679.29
4110,5873.29
4111,89682.97
4112,6822.45
4113,6161.01
4114,15675.47
4115,5909.51
4116,6844.61
4117,67013.01
4118,12769.62
4119,40188.59
4120,4995.21
4121,51648.39
4122,15354.67
4123,50390.79
4124,4309.72
4125,3821.17
4126,4546.63
4127,59476.13
4128,2523.41
4129,13200.84
4130,65748.57
4131,5924.35
4132,53861.71
4133,56297.54
4134,46093.12
4135,4318.2
4136,2605.84
4137,62664.96
4138,54800.36
4139,3977.26
4140,56282.18
4141,5570.56
4142,8354.26
4143,58582.59
4144,7841.98
4145,11443.97
4146,9337.2
4147,5877.65
4148,6584.4
4149,5838.71
4150,4337.41
4151,5083.89
4152,54603.38
4153,5634.06
4154,2356.48
4155,1810.94
4156,9079.952666666666
4157,6211.43
4158,3553.54
4159,9151.09
4160,7759.95
4161,5747.93
4162,3708.12
4163,53986.08
4164,12547.61
4165,7837.6
4166,53958.7
4167,2990.53
4168,5185.43
4169,2157.47
4170,12828.4
4171,5143.48
4172,66715.52
4173,11719.12
4174,7564.93
4175,6166.9
4176,49116.08
4177,64442.67
4178,6860.1
4179,3823.8
4180,11771.59
4181,41384.39
4182,60781.32
4183,6338.86
4184,53829.57
4185,62464.79
4186,3904.43
4187,9613.9
4188,6004.37
4189,4143.7
4190,58788.51
4191,51796.14
4192,3698.12
4193,60269.6
4194,49972.58
4195,57422.17
4196,4915.72
4197,8271.42
4198,2571.17
4199,53948.28
4200,2820.77
4201,48147.25
4202,22235.56
4203,5869.61
4204,6301.28
4205,5615.84
4206,4776.75
4207,34258.24
4208,5280.87
4209,11347.77
4210,30895.16
4211,5362.9
4212,7911.66
4213,8298.72
4214,4730.78
4215,5913.08
4216,51518.84
4217,11219.31
4218,6841.64
4219,6676.33
4220,12021.73
4221,4925.46
4222,3893.65
4223,66399.9
4224,5927.27
4225,6944.06
4226,45810.64
4227,58405.14
4228,3118.5
4229,46439.95
4230,4811.3
4231,55109.89
4232,5895.25
4233,5368.22
4234,11945.1
4235,49746.42
4236,8286.18
4237,10585.24
4238,7353.07
4239,52052.91
4240,13806.02
4241,9814.3
4242,3344.87
4243,4761.95
4244,5770.76
4245,5907.11
4246,3414.26
4247,6510.02
4248,5922.41
4249,2689.05
4250,58668.21
4251,11387.36
4252,8478.84
4253,3602.1
4254,47079.6
4255,2862.36
4256,4348.06
4257,4641.84
4258,5808.03
4259,66304.84
4260,58341.42
4261,3542.08
4262,3965.62
4263,50319.83
4264,3554.64
4265,5564.02
4266,5820.9
4267,48806.08
4268,39581.74
4269,77895.53
4270,10494.26
4271,22696.56
4272,4453.6
4273,2530.1
4274,4404.91
4275,7948.92
4276,5612.27
4277,2714.73
4278,12274.48
4279,53068.95
4280,5492.875
4281,5066.83
4282,6595.21
4283,10284.41
4284,66009.85
4285,6461.47
4286,1455.11
4287,9042.64
4288,53794.65
4289,47795.28
4290,14747.33
4291,11084.01
4292,5670.55
4293,31651.46
4294,4975.14
4295,6940.76
4296,46599.26
4297,18943.58
4298,45509.87
4299,53862.93
4300,57188.37
4301,69191.57
4302,5700.64
4303,17198.64
4304,56481.94
4305,7545.76
4306,83356.73
4307,6672.33
4308,3045.44
4309,59469.33
4310,41418.06
4311,47188.49
4312,28382.2
4313,42552.03
4314,5603.52
4315,58914.96
4316,6075.49
4317,66372.41
4318,54662.19
4319,4362.42
4320,4538.61
4321,7050.47
4322,17264.91
4323,11481.17
4324,64063.42
4325,6622.49
4326,5437.58
4327,5945.6
4328,50025.01
4329,71357.53
4330,5520.07
4331,9596.3
4332,6420.41
4333,44028.63
4334,8160.1
4335,3082.35
4336,75779.37
4337,4274.4
4338,2360.77
4339,57804.83
4340,6485.96
4341,49939.73
4342,4658.24
4343,54670.67
4344,60543.45
4345,5727.39
4346,7473.21
4347,7287.11
4348,2667.95
4349,12516.0
4350,56796.39
4351,5887.98
4352,4456.95
4353,66797.44
4354,5073.6
4355,9000.4
4356,47875.23
4357,49393.01
4358,4220.47
4359,12670.13
4360,4980.95
4361,50673.87
4362,44566.48
4363,4767.7
4364,45331.02
4365,68914.18
4366,59543.93
4367,31229.16
4368,5646.07
4369,48228.4
4370,1366.92
4371,6505.11
4372,63347.38
4373,7472.0
4374,7817.92
4375,60562.41
4376,4502.45
4377,10663.08
4378,33292.93
4379,64540.2
4380,3548.65
4381,61027.9
4382,3413.22
4383,1534.72
4384,66785.11
4385,4368.45
4386,6430.11
4387,4402.76
4388,7564.84
4389,5101.87
4390,11690.36
4391,4647.96
4392,4954.59
4393,7042.81
4394,6239.4
4395,5270.09
4396,56890.04
4397,46028.03
4398,44044.1
4399,68260.25
4400,5830.23
4401,18940.86
4402,59243.75
4403,5610.71
4404,6049.57
4405,1778.87
4406,52369.3
4407,57104.75
4408,5945.14
4409,4758.36
4410,6649.78
4411,4722.79
4412,5412.2
4413,46128.48
4414,4438.23
4415,5107.5
4416,7307.9
4417,56112.6
4418,5463.03
4419,55609.36
4420,56608.31
4421,7075.3
4422,59915.07
4423,6932.07
4424,4944.25
4425,5774.73
4426,50025.29
4427,2465.52
4428,6568.72
4429,5687.44
4430,52773.66
4431,10823.22
4432,10680.7
4433,6692.99
4434,51107.59
4435,25652.32
4436,2785.11
4437,4242.94
4438,4794.92
4439,6622.08
4440,7135.44
4441,6012.38
4442,13719.24
4443,16981.24
4444,3651.88
4445,55182.12
4446,4499.6
4447,12139.7
4448,4028.91
4449,3004.39
4450,48910.14
4451,4453.1
4452,9810.83
4453,4921.57
4454,9447.06
4455,5697.69
4456,3601.14
4457,5235.1
4458,46779.36
4459,8040.6
4460,6003.81
4461,11697.74
4462,5035.87
4463,6928.87
4464,5706.9
4465,5756.39
4466,10006.85
4467,54625.7
4468,32532.9
4469,10906.88
4470,2573.77
4471,45842.85
4472,7232.71
4473,5943.34
4474,5304.21
4475,50274.11
4476,9750.03
4477,65058.27
4478,4787.0
4479,4216.44
4480,5411.08
4481,59687.27
4482,5382.48
4483,2491.7
4484,32995.19
4485,50796.65
4486,3832.07
4487,11929.27
4488,2534.91
4489,4170.38
4490,50789.03
4491,45600.42
4492,56819.62
4493,7560.89
4494,51060.43
4495,5978.48
4496,48136.59
4497,72698.97
4498,22334.42
4499,56806.13
4500,56991.44
4501,6779.81
4502,6555.87
4503,10070.91
4504,4509.78
4505,11824.82
4506,44381.78
4507,4404.94
4508,5960.22
4509,53373.09
4510,53518.24
4511,4270.32
4512,8021.94
4513,6287.04
4514,6027.25
4515,30139.1
4516,5842.83
4517,55077.13
4518,5045.75
4519,6468.16
4520,5872.57
4521,13855.235
4522,6391.89
4523,5741.02
4524,11900.28
4525,5797.36
4526,5357.55
4527,6186.26
4528,14756.42
4529,3993.61
4530,2117.4
4531,4942.4
4532,13203.34
4533,58513.18
4534,6227.93
4535,34443.33
4536,56080.25
4537,4647.17
4538,4392.13
4539,5618.82
4540,5913.71
4541,8346.29
4542,11394.58
4543,51148.34
4544,28050.18
4545,7754.83
4546,50955.64
4547,54124.4
4548,69133.68
4549,5508.25
4550,5135.03
4551,5013.95
4552,5869.95
4553,10737.67
4554,24896.33
4555,8446.71
4556,51530.7
4557,14442.02
4558,13249.71
4559,40968.83
4560,64636.26
4561,8192.93
4562,4732.62
4563,5278.01
4564,4443.66
4565,41969.17
4566,6093.73
4567,11611.54
4568,4586.47
4569,4246.08
4570,4042.12
4571,7148.85
4572,5983.96
4573,6619.56
4574,2464.64
4575,6617.1
4576,6087.53
4577,6163.14
4578,6144.01
4579,1799.73
4580,8363.56
4581,5003.75
4582,56687.1
4583,4193.9
4584,60132.5
4585,3368.94
4586,2996.01
4587,12055.75
4588,49694.29
4589,4819.31
4590,48851.44
4591,10445.51
4592,11738.92
4593,3352.36
4594,32380.33
4595,3548.37
4596,6068.77
4597,7662.76
4598,4363.95
4599,2948.22
4600,6657.34
4601,44794.48
4602,14214.54
4603,55745.87
4604,11578.96
4605,45322.98
4606,7487.33
4607,3300.13
4608,6215.13
4609,3940.46
4610,7174.06
4611,51579.75
4612,67711.66
4613,3611.17
4614,2070.0
4615,56568.62
4616,2260.18
4617,4710.17
4618,5450.0
4619,49710.29
4620,2744.01
4621,9373.96
4622,2927.23
4623,1964.7
4624,7894.84
4625,14374.05
4626,9263.11
4627,30810.32
4628,3126.52
4629,6254.48
4630,11372.22
4631,5777.1
4632,9345.55
4633,66728.52
4634,52607.1
4635,8552.75
4636,54545.23
4637,12236.95
4638,12309.19
4639,41829.31
4640,3930.64
4641,5354.27
4642,7913.88
4643,49942.77
4644,10792.93
4645,3785.8
4646,9134.35
4647,54393.46
4648,2561.19
4649,66359.41
4650,51382.26
4651,11853.29
4652,4116.67
4653,13621.31
4654,40796.41
4655,11301.26
4656,63565.89
4657,63057.16
4658,12640.66
4659,5470.24
4660,61783.42
4661,4925.38
4662,69183.88
4663,16328.83
4664,52736.22
4665,53579.26
4666,4797.57
4667,6223.73
4668,15060.1
4669,5056.55
4670,10652.93
4671,69629.59
4672,11044.49
4673,48848.98
4674,5238.44
4675,55582.39
4676,5555.13
4677,56568.8
4678,41536.99
4679,65136.19
4680,7175.3
4681,5378.4
4682,23361.8
4683,16594.67
4684,60412.71
4685,50320.45
4686,6240.62
4687,46583.32
4688,8941.04
4689,56600.6
4690,10973.94
4691,13436.79
4692,5502.78
4693,52936.04
4694,6602.74
4695,58437.78
4696,6466.83
4697,50893.32
4698,21476.3
4699,24586.6
4700,58491.456
4701,7952.27
4702,6102.37
4703,4732.44
4704,12361.4
4705,7379.72
4706,6104.66
4707,5293.04
4708,2124.0
4709,54972.23
4710,2889.1
4711,8148.15
4712,7072.81
4713,14213.82
4714,6282.41
4715,53262.42
4716,6122.26
4717,4767.5
4718,26757.48
4719,32200.56
4720,55563.32
4721,41901.46
4722,14719.52
4723,31051.51
4724,37752.93
4725,5816.85
4726,5658.87
4727,6537.5
4728,46923.77
4729,4460.44
4730,57300.29
4731,9328.3
4732,64137.61
4733,52285.31
4734,6334.61
4735,54608.0
4736,5576.07
4737,5774.94
4738,42800.25
4739,4930.4
4740,7116.04
4741,56551.38
4742,2978.47
4743,2445.02
4744,4837.82
4745,8945.58
4746,4907.65
4747,48010.86
4748,48121.28
4749,47249.63
4750,6336.99
4751,67117.091
4752,6710.54
4753,5481.52
4754,68332.65
4755,7473.23
4756,3309.41
4757,4992.16
4758,8022.63
4759,2567.01
4760,62871.25
4761,5791.92
4762,44637.83
4763,8314.94
4764,4426.48
4765,10245.8
4766,64027.39
4767,63699.26
4768,67047.08
4769,7729.62
4770,12977.45
4771,4526.32
4772,2917.37
4773,10115.13
4774,52204.87
4775,5080.06
4776,4828.65
4777,47332.98
4778,68874.56
4779,53161.31
4780,4092.76
4781,47975.33
4782,5848.16
4783,49071.08
4784,50519.8
4785,30566.24
4786,4677.1
4787,4920.72
4788,46218.9
4789,6271.456666666668
4790,36959.85
4791,56336.91
4792,7083.19
4793,45582.74
4794,6597.5
4795,80266.74
4796,24817.78
4797,44216.88
4798,8839.36
4799,5163.6
4800,4895.81
4801,3033.24
4802,4443.8
4803,7071.1
4804,6055.04
4805,44047.54
4806,5688.31
4807,5080.29
4808,2874.23
4809,2630.94
4810,5142.52
4811,7031.05
4812,51512.705
4813,6072.93
4814,2560.38
4815,16916.65
4816,7204.99
4817,2966.82
4818,3944.91
4819,3557.72
4820,2840.76
4821,37787.47
4822,57530.64
4823,4709.69
4824,10516.54
4825,7823.86
4826,49870.08
4827,8237.96
4828,5606.72
4829,5991.88
4830,5574.51
4831,7273.16
4832,6067.96
4833,50846.42
4834,5996.33
4835,5571.24
4836,22539.98
4837,52581.43
4838,5217.29
4839,6824.9
4840,62392.0
4841,51153.05
4842,5664.51
4843,51516.44
4844,17574.53
4845,68176.31333333334
4846,5092.46
4847,7138.635
4848,3352.68
4849,49586.11
4850,3279.41
4851,3231.49
4852,7588.48
4853,10452.52
4854,16800.7
4855,4076.93
4856,4491.4
4857,6512.005
4858,5378.03
4859,5670.12
4860,51981.69
4861,7352.53
4862,5424.75
4863,9989.94
4864,46168.77
4865,4230.9
4866,5259.07
4867,2971.11
4868,4664.76
4869,5442.01
4870,6647.9
4871,53766.52
4872,5677.63
4873,11477.38
4874,51356.39
4875,54571.02
4876,5797.43
4877,6098.72
4878,2632.11
4879,41930.67
4880,8043.22
4881,13733.64
4882,43767.62
4883,10886.19
4884,58050.8
4885,60195.58
4886,3433.4
4887,2399.4
4888,8494.26
4889,3996.7
4890,1789.54
4891,56545.65
4892,5505.9
4893,13521.75
4894,8132.59
4895,6304.76
4896,6609.81
4897,11898.2175
4898,3341.21
4899,45121.71
4900,4980.1
4901,5660.62
4902,9419.05
4903,6988.15
4904,32718.48
4905,4765.84
4906,55560.96
4907,4728.41
4908,56902.86
4909,2155.99
4910,4426.71
4911,5036.47
4912,6444.09
4913,7965.25
4914,6251.86
4915,59145.95
4916,2727.15
4917,48484.76
4918,53538.92
4919,8060.1
4920,2344.88
4921,68967.26
4922,6264.22
4923,73077.07
4924,6145.18
4925,6037.63
4926,38382.68
4927,12895.285
4928,6074.4
4929,5922.55
4930,50835.99
4931,49761.05
4932,6042.86
4933,4415.82
4934,14334.9
4935,8021.18
4936,5089.04
4937,6308.48
4938,5924.53
4939,44713.8
4940,5802.01
4941,4492.7
4942,7998.86
4943,6222.8
4944,47066.77
4945,53713.6
4946,5148.31
4947,30021.65
4948,6727.88
4949,4750.48
4950,4387.35
4951,38417.35
4952,4926.4425
4953,42996.29
4954,2371.24
4955,5133.76
4956,5475.38
4957,5000.07
4958,4419.91
4959,7977.19
4960,4923.69
4961,6418.66
4962,12033.93
4963,6261.45
4964,12657.99
4965,4277.17
4966,56271.94
4967,62305.81
4968,4402.78
4969,3089.72
4970,14653.01
4971,4544.35
4972,4420.75
4973,11487.68
4974,7590.0
4975,7110.47
4976,57770.0
4977,7068.54
4978,3469.9
4979,5080.68
4980,51042.23
4981,5047.96
4982,3965.22
4983,13229.31
4984,3599.27
4985,6296.13
4986,6345.93
4987,3602.2
4988,6013.32
4989,49064.87
4990,27258.05
4991,17644.65
4992,54533.39
4993,7725.06
4994,9386.86
4995,6208.12
4996,59388.14
4997,4563.68
4998,48835.69
4999,46597.87
5000,58361.72
